,0
0,3371.0
1,2166.0
2,1635.0
3,2590.0
4,3795.0
5,2120.0
6,3209.0
7,3047.0
8,1433.0
9,1946.0
10,4456.0
11,797.0
12,2780.0
13,2383.0
14,353.0
15,3214.0
16,4986.0
17,4928.0
18,2448.0
19,4479.0
20,909.0
21,804.0
22,1104.0
23,1875.0
24,4207.0
25,3536.0
26,3780.0
27,1998.0
28,2285.0
29,4773.0
30,932.0
31,3570.0
32,3684.0
33,2290.0
34,4348.0
35,394.0
36,297.0
37,4977.0
38,423.0
39,3495.0
40,2624.0
41,1514.0
42,3775.0
43,1815.0
44,3700.0
45,976.0
46,344.0
47,3168.0
48,1266.0
49,4313.0
50,1950.0
51,4880.0
52,180.0
53,4421.0
54,1132.0
55,2755.0
56,2816.0
57,322.0
58,2061.0
59,2293.0
60,4291.0
61,2380.0
62,1445.0
63,1096.0
64,451.0
65,468.0
66,2628.0
67,4924.0
68,4971.0
69,4463.0
70,4813.0
71,1669.0
72,3978.0
73,1770.0
74,2952.0
75,2108.0
76,3045.0
77,1651.0
78,1520.0
79,4589.0
80,2645.0
81,4022.0
82,1278.0
83,760.0
84,495.0
85,967.0
86,2294.0
87,1676.0
88,2763.0
89,3759.0
90,1105.0
91,3903.0
92,4407.0
93,2218.0
94,3369.0
95,4486.0
96,4717.0
97,3553.0
98,1817.0
99,2930.0
100,744.0
101,209.0
102,3160.0
103,1756.0
104,69.0
105,4881.0
106,4646.0
107,3650.0
108,4914.0
109,2229.0
110,1552.0
111,4326.0
112,666.0
113,782.0
114,2556.0
115,167.0
116,3705.0
117,1883.0
118,4753.0
119,4619.0
120,547.0
121,3158.0
122,2333.0
123,1240.0
124,4132.0
125,2361.0
126,672.0
127,4587.0
128,813.0
129,3739.0
130,1532.0
131,4723.0
132,3606.0
133,1706.0
134,3205.0
135,1932.0
136,4384.0
137,2494.0
138,330.0
139,2611.0
140,923.0
141,4320.0
142,3446.0
143,595.0
144,773.0
145,2902.0
146,3419.0
147,4216.0
148,2118.0
149,3210.0
150,12.0
151,3842.0
152,218.0
153,1075.0
154,2924.0
155,784.0
156,3347.0
157,233.0
158,2837.0
159,2348.0
160,1160.0
161,811.0
162,4012.0
163,2142.0
164,4287.0
165,4032.0
166,4994.0
167,963.0
168,1222.0
169,2654.0
170,1921.0
171,3145.0
172,2739.0
173,3469.0
174,2014.0
175,925.0
176,877.0
177,4579.0
178,335.0
179,4124.0
180,2989.0
181,4091.0
182,1027.0
183,3175.0
184,2093.0
185,1005.0
186,489.0
187,2674.0
188,2194.0
189,4445.0
190,474.0
191,3207.0
192,3873.0
193,1672.0
194,3515.0
195,2474.0
196,2834.0
197,3198.0
198,47.0
199,334.0
200,714.0
201,425.0
202,3074.0
203,3985.0
204,4209.0
205,1665.0
206,3717.0
207,3928.0
208,1516.0
209,3285.0
210,2987.0
211,2615.0
212,2315.0
213,2053.0
214,2774.0
215,3848.0
216,1256.0
217,4884.0
218,3645.0
219,176.0
220,2657.0
221,4770.0
222,4043.0
223,3183.0
224,2935.0
225,2358.0
226,1613.0
227,4444.0
228,205.0
229,3002.0
230,2589.0
231,4754.0
232,2947.0
233,3627.0
234,4853.0
235,2244.0
236,4508.0
237,2182.0
238,1603.0
239,1907.0
240,2616.0
241,708.0
242,4070.0
243,1618.0
244,562.0
245,951.0
246,1125.0
247,1098.0
248,3693.0
249,4794.0
250,3638.0
251,2593.0
252,497.0
253,2746.0
254,51.0
255,1088.0
256,4763.0
257,2277.0
258,3208.0
259,1595.0
260,4494.0
261,1623.0
262,3812.0
263,1645.0
264,4461.0
265,2848.0
266,40.0
267,3077.0
268,1348.0
269,2007.0
270,2526.0
271,4520.0
272,2598.0
273,2495.0
274,2029.0
275,1235.0
276,3339.0
277,1170.0
278,31.0
279,4120.0
280,511.0
281,273.0
282,613.0
283,3555.0
284,2337.0
285,4784.0
286,4467.0
287,730.0
288,694.0
289,3876.0
290,4386.0
291,4944.0
292,1167.0
293,3037.0
294,2525.0
295,1340.0
296,4710.0
297,1327.0
298,1224.0
299,681.0
300,1985.0
301,1719.0
302,4262.0
303,4688.0
304,695.0
305,4138.0
306,834.0
307,0.0
308,817.0
309,3745.0
310,629.0
311,1309.0
312,3118.0
313,4621.0
314,4938.0
315,3822.0
316,4949.0
317,1679.0
318,3584.0
319,3455.0
320,4740.0
321,2513.0
322,549.0
323,3420.0
324,3531.0
325,1062.0
326,1307.0
327,2636.0
328,1011.0
329,3006.0
330,3522.0
331,1151.0
332,2824.0
333,1028.0
334,1270.0
335,946.0
336,3651.0
337,4537.0
338,3619.0
339,1900.0
340,4963.0
341,2870.0
342,2694.0
343,1601.0
344,545.0
345,1459.0
346,3755.0
347,3914.0
348,1521.0
349,2421.0
350,1470.0
351,242.0
352,1462.0
353,1146.0
354,1901.0
355,1923.0
356,2395.0
357,2820.0
358,212.0
359,1841.0
360,349.0
361,3172.0
362,537.0
363,3294.0
364,1111.0
365,3568.0
366,3281.0
367,4439.0
368,2475.0
369,275.0
370,2331.0
371,4536.0
372,213.0
373,2307.0
374,117.0
375,475.0
376,1374.0
377,2855.0
378,312.0
379,3889.0
380,2801.0
381,2618.0
382,2396.0
383,2055.0
384,382.0
385,4933.0
386,2735.0
387,4173.0
388,2678.0
389,1033.0
390,1503.0
391,2144.0
392,1593.0
393,3278.0
394,412.0
395,3901.0
396,2003.0
397,1055.0
398,4673.0
399,65.0
400,4664.0
401,4747.0
402,2040.0
403,625.0
404,56.0
405,3374.0
406,231.0
407,4787.0
408,4223.0
409,4188.0
410,3520.0
411,1836.0
412,3951.0
413,1754.0
414,2693.0
415,66.0
416,3563.0
417,4068.0
418,2469.0
419,3721.0
420,3016.0
421,1792.0
422,189.0
423,1609.0
424,3431.0
425,2904.0
426,1066.0
427,4893.0
428,3000.0
429,2866.0
430,535.0
431,1628.0
432,268.0
433,2795.0
434,2480.0
435,4024.0
436,2574.0
437,3993.0
438,1624.0
439,2723.0
440,2671.0
441,1130.0
442,4946.0
443,114.0
444,3968.0
445,2226.0
446,998.0
447,4601.0
448,163.0
449,3769.0
450,1250.0
451,3121.0
452,751.0
453,821.0
454,3931.0
455,906.0
456,3508.0
457,298.0
458,1401.0
459,1673.0
460,1426.0
461,166.0
462,3029.0
463,4556.0
464,1415.0
465,4481.0
466,366.0
467,3858.0
468,573.0
469,3107.0
470,3960.0
471,4636.0
472,2607.0
473,4482.0
474,2867.0
475,3569.0
476,3882.0
477,4487.0
478,4199.0
479,3698.0
480,2486.0
481,3120.0
482,2555.0
483,772.0
484,2661.0
485,742.0
486,1370.0
487,2812.0
488,844.0
489,4172.0
490,1281.0
491,21.0
492,309.0
493,2313.0
494,548.0
495,1834.0
496,3878.0
497,4768.0
498,2640.0
499,1534.0
500,1851.0
501,561.0
502,3271.0
503,2996.0
504,4319.0
505,1903.0
506,4758.0
507,1967.0
508,4803.0
509,4433.0
510,1527.0
511,8.0
512,2892.0
513,1046.0
514,4238.0
515,4114.0
516,1643.0
517,2016.0
518,1157.0
519,2412.0
520,2973.0
521,918.0
522,1873.0
523,3910.0
524,1858.0
525,3701.0
526,4917.0
527,2066.0
528,2926.0
529,2831.0
530,3467.0
531,3652.0
532,1540.0
533,2022.0
534,3935.0
535,4351.0
536,1850.0
537,4669.0
538,385.0
539,3605.0
540,4074.0
541,4921.0
542,683.0
543,1700.0
544,1173.0
545,2840.0
546,521.0
547,4495.0
548,1026.0
549,4289.0
550,4492.0
551,4000.0
552,3518.0
553,4454.0
554,1518.0
555,4645.0
556,2214.0
557,4595.0
558,1538.0
559,3193.0
560,3296.0
561,4661.0
562,720.0
563,2688.0
564,2405.0
565,3561.0
566,3336.0
567,1393.0
568,868.0
569,79.0
570,1298.0
571,2268.0
572,2155.0
573,543.0
574,1038.0
575,4630.0
576,3454.0
577,885.0
578,3255.0
579,1059.0
580,3.0
581,4400.0
582,801.0
583,2619.0
584,668.0
585,4403.0
586,4184.0
587,4995.0
588,4567.0
589,898.0
590,2713.0
591,4998.0
592,4996.0
593,1884.0
594,808.0
595,1853.0
596,84.0
597,1455.0
598,2728.0
599,2511.0
600,4852.0
601,4438.0
602,3190.0
603,2879.0
604,1361.0
605,1959.0
606,3940.0
607,2950.0
608,622.0
609,1386.0
610,743.0
611,3854.0
612,1774.0
613,120.0
614,789.0
615,2274.0
616,3688.0
617,4394.0
618,3776.0
619,442.0
620,132.0
621,1169.0
622,1574.0
623,1825.0
624,3458.0
625,2845.0
626,1017.0
627,3180.0
628,3232.0
629,3300.0
630,2121.0
631,3346.0
632,577.0
633,2843.0
634,1796.0
635,2065.0
636,4523.0
637,2752.0
638,4459.0
639,2466.0
640,1631.0
641,2415.0
642,3789.0
643,1416.0
644,1352.0
645,4883.0
646,3811.0
647,673.0
648,1537.0
649,159.0
650,74.0
651,3105.0
652,2190.0
653,3136.0
654,1994.0
655,3386.0
656,196.0
657,289.0
658,4350.0
659,1571.0
660,444.0
661,2024.0
662,3124.0
663,2524.0
664,3816.0
665,3055.0
666,1652.0
667,4629.0
668,2732.0
669,2467.0
670,2941.0
671,1488.0
672,679.0
673,4745.0
674,3771.0
675,759.0
676,2222.0
677,4146.0
678,1101.0
679,522.0
680,2381.0
681,352.0
682,3678.0
683,4685.0
684,3723.0
685,3957.0
686,3466.0
687,3355.0
688,2236.0
689,2742.0
690,874.0
691,2191.0
692,3064.0
693,809.0
694,1363.0
695,284.0
696,1543.0
697,1732.0
698,842.0
699,1648.0
700,934.0
701,3317.0
702,2239.0
703,624.0
704,4330.0
705,826.0
706,3724.0
707,1509.0
708,4518.0
709,3815.0
710,767.0
711,2433.0
712,1102.0
713,1506.0
714,331.0
715,4021.0
716,3415.0
717,656.0
718,3919.0
719,3274.0
720,1982.0
721,3823.0
722,343.0
723,4845.0
724,638.0
725,2725.0
726,386.0
727,2783.0
728,1667.0
729,3400.0
730,3028.0
731,2401.0
732,3301.0
733,3945.0
734,750.0
735,1483.0
736,2551.0
737,3519.0
738,654.0
739,1627.0
740,2530.0
741,3859.0
742,1437.0
743,1500.0
744,1081.0
745,3179.0
746,1844.0
747,4741.0
748,2321.0
749,2282.0
750,3015.0
751,2231.0
752,4826.0
753,1369.0
754,4136.0
755,3763.0
756,883.0
757,3252.0
758,169.0
759,3481.0
760,1966.0
761,3213.0
762,4058.0
763,4693.0
764,4295.0
765,3027.0
766,3494.0
767,2209.0
768,3257.0
769,3621.0
770,539.0
771,3849.0
772,4783.0
773,3923.0
774,4800.0
775,4718.0
776,2499.0
777,461.0
778,2620.0
779,4891.0
780,4911.0
781,50.0
782,2540.0
783,2123.0
784,2111.0
785,968.0
786,296.0
787,3526.0
788,4699.0
789,1243.0
790,1077.0
791,1554.0
792,3741.0
793,4816.0
794,4242.0
795,2477.0
796,1533.0
797,2800.0
798,1551.0
799,2496.0
800,2089.0
801,254.0
802,853.0
803,762.0
804,1791.0
805,2009.0
806,4535.0
807,178.0
808,1555.0
809,4950.0
810,3432.0
811,3442.0
812,3566.0
813,4365.0
814,1947.0
815,243.0
816,824.0
817,2478.0
818,4102.0
819,4598.0
820,3405.0
821,2104.0
822,3774.0
823,124.0
824,2460.0
825,1639.0
826,1951.0
827,77.0
828,2354.0
829,361.0
830,3412.0
831,2894.0
832,4151.0
833,1880.0
834,512.0
835,4870.0
836,2711.0
837,2081.0
838,2493.0
839,1398.0
840,633.0
841,704.0
842,3126.0
843,3159.0
844,2416.0
845,1936.0
846,4633.0
847,1960.0
848,259.0
849,4962.0
850,2911.0
851,4728.0
852,2056.0
853,2501.0
854,3326.0
855,2974.0
856,2032.0
857,3197.0
858,1578.0
859,1234.0
860,1734.0
861,4296.0
862,3457.0
863,4550.0
864,1541.0
865,1818.0
866,4087.0
867,4964.0
868,928.0
869,4232.0
870,4470.0
871,3099.0
872,3846.0
873,990.0
874,3603.0
875,2131.0
876,4297.0
877,2663.0
878,2005.0
879,4218.0
880,583.0
881,2364.0
882,271.0
883,4118.0
884,2454.0
885,1975.0
886,1339.0
887,1575.0
888,1396.0
889,3950.0
890,2679.0
891,1727.0
892,3581.0
893,1801.0
894,4617.0
895,232.0
896,2057.0
897,402.0
898,2965.0
899,4469.0
900,2063.0
901,3682.0
902,851.0
903,4080.0
904,1021.0
905,491.0
906,3770.0
907,1813.0
908,3018.0
909,1100.0
910,2785.0
911,3087.0
912,863.0
913,3839.0
914,2516.0
915,1258.0
916,1891.0
917,4580.0
918,4957.0
919,2459.0
920,4926.0
921,2602.0
922,639.0
923,395.0
924,2170.0
925,1814.0
926,4081.0
927,2034.0
928,3340.0
929,1592.0
930,2794.0
931,4689.0
932,3062.0
933,1375.0
934,2888.0
935,4490.0
936,2570.0
937,2101.0
938,4237.0
939,2720.0
940,3841.0
941,1586.0
942,2299.0
943,4545.0
944,916.0
945,3503.0
946,776.0
947,4939.0
948,4798.0
949,3067.0
950,4356.0
951,1190.0
952,1992.0
953,358.0
954,2197.0
955,642.0
956,1602.0
957,1166.0
958,2393.0
959,332.0
960,2673.0
961,4925.0
962,223.0
963,2507.0
964,841.0
965,2733.0
966,4521.0
967,2970.0
968,3743.0
969,2404.0
970,1355.0
971,4912.0
972,3321.0
973,3980.0
974,1605.0
975,715.0
976,1807.0
977,279.0
978,2964.0
979,2651.0
980,1000.0
981,2527.0
982,2662.0
983,4150.0
984,689.0
985,3491.0
986,4269.0
987,4563.0
988,13.0
989,360.0
990,2134.0
991,3264.0
992,618.0
993,1010.0
994,3014.0
995,1122.0
996,4628.0
997,4057.0
998,4827.0
999,1945.0
1000,3109.0
1001,2330.0
1002,3021.0
1003,4510.0
1004,1617.0
1005,1684.0
1006,4838.0
1007,4513.0
1008,4499.0
1009,1742.0
1010,4380.0
1011,186.0
1012,1868.0
1013,4152.0
1014,570.0
1015,3461.0
1016,520.0
1017,4544.0
1018,2133.0
1019,662.0
1020,2235.0
1021,4615.0
1022,1843.0
1023,2649.0
1024,3073.0
1025,1253.0
1026,3709.0
1027,48.0
1028,3379.0
1029,4448.0
1030,4592.0
1031,1226.0
1032,2586.0
1033,552.0
1034,145.0
1035,4624.0
1036,171.0
1037,1078.0
1038,1329.0
1039,299.0
1040,2298.0
1041,2903.0
1042,2017.0
1043,1085.0
1044,3009.0
1045,4171.0
1046,4127.0
1047,2669.0
1048,1263.0
1049,2037.0
1050,2441.0
1051,2612.0
1052,994.0
1053,3427.0
1054,4349.0
1055,726.0
1056,594.0
1057,4676.0
1058,3157.0
1059,4970.0
1060,546.0
1061,4462.0
1062,3785.0
1063,253.0
1064,4956.0
1065,2659.0
1066,68.0
1067,3097.0
1068,1385.0
1069,157.0
1070,775.0
1071,619.0
1072,4473.0
1073,3122.0
1074,1267.0
1075,4258.0
1076,2539.0
1077,88.0
1078,302.0
1079,4695.0
1080,3043.0
1081,2722.0
1082,1473.0
1083,897.0
1084,3644.0
1085,2568.0
1086,1675.0
1087,4872.0
1088,827.0
1089,2929.0
1090,1107.0
1091,752.0
1092,4271.0
1093,4976.0
1094,1703.0
1095,2938.0
1096,3309.0
1097,3137.0
1098,61.0
1099,4425.0
1100,3443.0
1101,3607.0
1102,1622.0
1103,965.0
1104,2976.0
1105,4721.0
1106,3953.0
1107,3807.0
1108,3887.0
1109,2871.0
1110,1493.0
1111,1058.0
1112,769.0
1113,2439.0
1114,721.0
1115,3123.0
1116,2033.0
1117,3896.0
1118,2449.0
1119,323.0
1120,3083.0
1121,4769.0
1122,1280.0
1123,4525.0
1124,763.0
1125,3595.0
1126,2597.0
1127,4540.0
1128,3552.0
1129,3334.0
1130,319.0
1131,4981.0
1132,1358.0
1133,2267.0
1134,1653.0
1135,3804.0
1136,2835.0
1137,3857.0
1138,2715.0
1139,336.0
1140,1772.0
1141,2546.0
1142,4951.0
1143,3234.0
1144,2211.0
1145,4932.0
1146,2436.0
1147,3117.0
1148,3383.0
1149,1811.0
1150,2982.0
1151,1054.0
1152,2465.0
1153,2999.0
1154,2610.0
1155,4613.0
1156,2737.0
1157,314.0
1158,3139.0
1159,4530.0
1160,1590.0
1161,29.0
1162,510.0
1163,94.0
1164,4913.0
1165,2300.0
1166,2629.0
1167,3702.0
1168,2205.0
1169,4164.0
1170,341.0
1171,4119.0
1172,2323.0
1173,3891.0
1174,4652.0
1175,1938.0
1176,661.0
1177,2151.0
1178,3440.0
1179,2158.0
1180,1849.0
1181,855.0
1182,2403.0
1183,4501.0
1184,3881.0
1185,4410.0
1186,4112.0
1187,4623.0
1188,3108.0
1189,3286.0
1190,3583.0
1191,982.0
1192,843.0
1193,1941.0
1194,379.0
1195,4047.0
1196,449.0
1197,1427.0
1198,4432.0
1199,3673.0
1200,592.0
1201,4464.0
1202,1221.0
1203,310.0
1204,365.0
1205,270.0
1206,1797.0
1207,2714.0
1208,1123.0
1209,2569.0
1210,3101.0
1211,4785.0
1212,4141.0
1213,989.0
1214,847.0
1215,3059.0
1216,1168.0
1217,4337.0
1218,4020.0
1219,1338.0
1220,1804.0
1221,709.0
1222,4569.0
1223,4253.0
1224,437.0
1225,3333.0
1226,141.0
1227,799.0
1228,2545.0
1229,2091.0
1230,1902.0
1231,4434.0
1232,4364.0
1233,2115.0
1234,311.0
1235,4197.0
1236,1084.0
1237,3030.0
1238,1206.0
1239,1561.0
1240,161.0
1241,4599.0
1242,878.0
1243,4131.0
1244,3571.0
1245,4575.0
1246,3703.0
1247,669.0
1248,4907.0
1249,2107.0
1250,288.0
1251,4788.0
1252,3720.0
1253,456.0
1254,4835.0
1255,2817.0
1256,364.0
1257,528.0
1258,3836.0
1259,2865.0
1260,2103.0
1261,3941.0
1262,102.0
1263,4899.0
1264,1080.0
1265,4001.0
1266,2630.0
1267,3640.0
1268,1812.0
1269,1311.0
1270,4409.0
1271,2981.0
1272,203.0
1273,761.0
1274,3544.0
1275,896.0
1276,210.0
1277,556.0
1278,2169.0
1279,219.0
1280,2632.0
1281,3311.0
1282,4361.0
1283,216.0
1284,2157.0
1285,3303.0
1286,4889.0
1287,1696.0
1288,3131.0
1289,3184.0
1290,3228.0
1291,506.0
1292,2350.0
1293,137.0
1294,3783.0
1295,1349.0
1296,4539.0
1297,1152.0
1298,2815.0
1299,440.0
1300,2751.0
1301,325.0
1302,4160.0
1303,1090.0
1304,3036.0
1305,3260.0
1306,2573.0
1307,4565.0
1308,1546.0
1309,1114.0
1310,3845.0
1311,3111.0
1312,3751.0
1313,509.0
1314,4163.0
1315,2859.0
1316,3557.0
1317,3969.0
1318,2488.0
1319,1885.0
1320,4653.0
1321,4255.0
1322,4936.0
1323,3265.0
1324,1164.0
1325,2135.0
1326,4122.0
1327,4472.0
1328,671.0
1329,4764.0
1330,3438.0
1331,3058.0
1332,3892.0
1333,996.0
1334,3525.0
1335,2583.0
1336,63.0
1337,2836.0
1338,4335.0
1339,4465.0
1340,4322.0
1341,3813.0
1342,2450.0
1343,265.0
1344,2082.0
1345,4735.0
1346,2819.0
1347,1464.0
1348,1831.0
1349,2213.0
1350,252.0
1351,2928.0
1352,2652.0
1353,2334.0
1354,250.0
1355,3315.0
1356,3065.0
1357,886.0
1358,1109.0
1359,3196.0
1360,518.0
1361,387.0
1362,4942.0
1363,2968.0
1364,2646.0
1365,3927.0
1366,820.0
1367,840.0
1368,2997.0
1369,904.0
1370,337.0
1371,1185.0
1372,3924.0
1373,2127.0
1374,2030.0
1375,880.0
1376,3320.0
1377,3106.0
1378,2096.0
1379,3089.0
1380,1547.0
1381,4343.0
1382,3229.0
1383,2773.0
1384,4931.0
1385,4422.0
1386,1585.0
1387,2580.0
1388,2325.0
1389,1606.0
1390,862.0
1391,1018.0
1392,257.0
1393,4602.0
1394,1691.0
1395,2356.0
1396,628.0
1397,165.0
1398,2655.0
1399,901.0
1400,1432.0
1401,182.0
1402,2656.0
1403,3577.0
1404,1863.0
1405,4975.0
1406,3502.0
1407,1368.0
1408,4215.0
1409,4010.0
1410,2172.0
1411,1072.0
1412,3972.0
1413,690.0
1414,2026.0
1415,2447.0
1416,181.0
1417,2572.0
1418,2956.0
1419,3752.0
1420,399.0
1421,4674.0
1422,507.0
1423,3976.0
1424,532.0
1425,1530.0
1426,4191.0
1427,4219.0
1428,4755.0
1429,2596.0
1430,2001.0
1431,766.0
1432,420.0
1433,2953.0
1434,2946.0
1435,143.0
1436,4959.0
1437,1039.0
1438,3217.0
1439,2484.0
1440,1927.0
1441,858.0
1442,1335.0
1443,2842.0
1444,879.0
1445,80.0
1446,3926.0
1447,4201.0
1448,4863.0
1449,4984.0
1450,183.0
1451,1423.0
1452,1194.0
1453,2458.0
1454,4772.0
1455,1229.0
1456,95.0
1457,4705.0
1458,2052.0
1459,3289.0
1460,4558.0
1461,1636.0
1462,4967.0
1463,703.0
1464,1161.0
1465,969.0
1466,409.0
1467,1971.0
1468,4524.0
1469,3475.0
1470,4529.0
1471,2352.0
1472,356.0
1473,3468.0
1474,4639.0
1475,4805.0
1476,1060.0
1477,1118.0
1478,3240.0
1479,4978.0
1480,1910.0
1481,3766.0
1482,2310.0
1483,3079.0
1484,3337.0
1485,1186.0
1486,3537.0
1487,3218.0
1488,448.0
1489,1666.0
1490,131.0
1491,3875.0
1492,60.0
1493,3827.0
1494,3258.0
1495,1827.0
1496,1864.0
1497,2797.0
1498,3895.0
1499,4854.0
1500,1116.0
1501,4006.0
1502,1935.0
1503,2058.0
1504,2857.0
1505,1137.0
1506,4079.0
1507,3713.0
1508,3035.0
1509,3125.0
1510,1050.0
1511,4724.0
1512,3764.0
1513,2110.0
1514,602.0
1515,972.0
1516,4635.0
1517,3955.0
1518,2099.0
1519,39.0
1520,1702.0
1521,1581.0
1522,1394.0
1523,564.0
1524,725.0
1525,4100.0
1526,2329.0
1527,1598.0
1528,1236.0
1529,3267.0
1530,1497.0
1531,4634.0
1532,3388.0
1533,10.0
1534,4084.0
1535,3316.0
1536,4743.0
1537,3112.0
1538,2124.0
1539,1294.0
1540,4842.0
1541,3501.0
1542,2515.0
1543,3392.0
1544,4662.0
1545,4582.0
1546,1209.0
1547,1615.0
1548,488.0
1549,4897.0
1550,4413.0
1551,1523.0
1552,1074.0
1553,2440.0
1554,1510.0
1555,2445.0
1556,2691.0
1557,4028.0
1558,27.0
1559,949.0
1560,4111.0
1561,1239.0
1562,1391.0
1563,2932.0
1564,2966.0
1565,3870.0
1566,1183.0
1567,4822.0
1568,1916.0
1569,3625.0
1570,598.0
1571,530.0
1572,953.0
1573,1273.0
1574,1736.0
1575,2015.0
1576,4244.0
1577,3852.0
1578,3206.0
1579,663.0
1580,2312.0
1581,723.0
1582,3348.0
1583,938.0
1584,4864.0
1585,4186.0
1586,2092.0
1587,4678.0
1588,2740.0
1589,2446.0
1590,164.0
1591,4960.0
1592,4101.0
1593,1549.0
1594,2025.0
1595,2644.0
1596,4392.0
1597,894.0
1598,4302.0
1599,3749.0
1600,3530.0
1601,647.0
1602,2125.0
1603,4316.0
1604,3601.0
1605,2508.0
1606,76.0
1607,1210.0
1608,680.0
1609,1589.0
1610,2564.0
1611,1279.0
1612,2270.0
1613,2314.0
1614,4210.0
1615,538.0
1616,4836.0
1617,3394.0
1618,2369.0
1619,2699.0
1620,2221.0
1621,81.0
1622,328.0
1623,1976.0
1624,1664.0
1625,1513.0
1626,1485.0
1627,1177.0
1628,3397.0
1629,4876.0
1630,2360.0
1631,3999.0
1632,41.0
1633,1642.0
1634,2078.0
1635,1431.0
1636,4290.0
1637,3004.0
1638,3790.0
1639,58.0
1640,1076.0
1641,2373.0
1642,3578.0
1643,4829.0
1644,4250.0
1645,1289.0
1646,398.0
1647,3012.0
1648,3661.0
1649,3354.0
1650,1887.0
1651,4980.0
1652,1725.0
1653,3270.0
1654,64.0
1655,2251.0
1656,4453.0
1657,1465.0
1658,2770.0
1659,2875.0
1660,2756.0
1661,3662.0
1662,2638.0
1663,481.0
1664,1934.0
1665,4647.0
1666,3902.0
1667,2341.0
1668,286.0
1669,4526.0
1670,4212.0
1671,2891.0
1672,1031.0
1673,3033.0
1674,1174.0
1675,924.0
1676,4729.0
1677,838.0
1678,4775.0
1679,3988.0
1680,2387.0
1681,3877.0
1682,1949.0
1683,1200.0
1684,2803.0
1685,4062.0
1686,62.0
1687,1097.0
1688,954.0
1689,3221.0
1690,1607.0
1691,4902.0
1692,1824.0
1693,381.0
1694,3781.0
1695,415.0
1696,2181.0
1697,4362.0
1698,1616.0
1699,997.0
1700,2473.0
1701,4577.0
1702,891.0
1703,502.0
1704,3894.0
1705,931.0
1706,3750.0
1707,4750.0
1708,2413.0
1709,2972.0
1710,2764.0
1711,2160.0
1712,3504.0
1713,4416.0
1714,2890.0
1715,3562.0
1716,464.0
1717,424.0
1718,1656.0
1719,3533.0
1720,3341.0
1721,1819.0
1722,1.0
1723,3777.0
1724,2963.0
1725,3793.0
1726,2392.0
1727,329.0
1728,3992.0
1729,486.0
1730,3238.0
1731,4603.0
1732,1405.0
1733,3829.0
1734,3250.0
1735,970.0
1736,837.0
1737,2076.0
1738,2208.0
1739,3428.0
1740,3994.0
1741,2899.0
1742,3344.0
1743,2802.0
1744,4175.0
1745,2814.0
1746,2426.0
1747,3041.0
1748,3152.0
1749,733.0
1750,3872.0
1751,1678.0
1752,225.0
1753,4919.0
1754,1550.0
1755,4918.0
1756,1165.0
1757,1997.0
1758,477.0
1759,869.0
1760,168.0
1761,636.0
1762,283.0
1763,1460.0
1764,4374.0
1765,3115.0
1766,1406.0
1767,267.0
1768,3439.0
1769,3368.0
1770,2196.0
1771,4061.0
1772,1833.0
1773,1035.0
1774,1354.0
1775,675.0
1776,3850.0
1777,2279.0
1778,933.0
1779,631.0
1780,1708.0
1781,262.0
1782,3608.0
1783,467.0
1784,3546.0
1785,422.0
1786,3564.0
1787,4376.0
1788,1014.0
1789,1215.0
1790,2301.0
1791,2847.0
1792,3740.0
1793,815.0
1794,4632.0
1795,1259.0
1796,2709.0
1797,895.0
1798,3389.0
1799,2161.0
1800,2324.0
1801,2180.0
1802,3670.0
1803,2523.0
1804,1262.0
1805,227.0
1806,4277.0
1807,3324.0
1808,3696.0
1809,339.0
1810,2075.0
1811,2379.0
1812,4726.0
1813,4060.0
1814,1364.0
1815,327.0
1816,2896.0
1817,2949.0
1818,3211.0
1819,2858.0
1820,550.0
1821,800.0
1822,285.0
1823,479.0
1824,2971.0
1825,4283.0
1826,2745.0
1827,1821.0
1828,3558.0
1829,835.0
1830,4265.0
1831,1466.0
1832,3809.0
1833,1034.0
1834,758.0
1835,3216.0
1836,4560.0
1837,614.0
1838,2130.0
1839,3147.0
1840,3787.0
1841,240.0
1842,2219.0
1843,4323.0
1844,2772.0
1845,1637.0
1846,4076.0
1847,4159.0
1848,4257.0
1849,1288.0
1850,2012.0
1851,1597.0
1852,1775.0
1853,2084.0
1854,3338.0
1855,258.0
1856,2305.0
1857,3332.0
1858,2609.0
1859,2600.0
1860,1070.0
1861,922.0
1862,3399.0
1863,3597.0
1864,4719.0
1865,1860.0
1866,300.0
1867,3863.0
1868,1707.0
1869,1193.0
1870,471.0
1871,414.0
1872,3224.0
1873,1480.0
1874,2068.0
1875,2957.0
1876,2660.0
1877,4873.0
1878,1430.0
1879,3470.0
1880,1896.0
1881,4748.0
1882,2509.0
1883,55.0
1884,1381.0
1885,2532.0
1886,1323.0
1887,3912.0
1888,3498.0
1889,1343.0
1890,974.0
1891,2071.0
1892,3406.0
1893,2319.0
1894,91.0
1895,470.0
1896,3090.0
1897,3588.0
1898,2137.0
1899,2198.0
1900,4144.0
1901,4771.0
1902,1143.0
1903,4908.0
1904,2702.0
1905,4414.0
1906,1454.0
1907,2288.0
1908,4299.0
1909,1922.0
1910,199.0
1911,370.0
1912,2004.0
1913,1442.0
1914,1977.0
1915,4831.0
1916,4027.0
1917,2637.0
1918,926.0
1919,4239.0
1920,3867.0
1921,4108.0
1922,4327.0
1923,1937.0
1924,4547.0
1925,3527.0
1926,1172.0
1927,4585.0
1928,4389.0
1929,907.0
1930,1446.0
1931,3302.0
1932,4670.0
1933,2500.0
1934,1196.0
1935,4192.0
1936,1768.0
1937,1961.0
1938,2304.0
1939,1856.0
1940,2895.0
1941,2253.0
1942,4722.0
1943,2177.0
1944,2561.0
1945,383.0
1946,2880.0
1947,3314.0
1948,4941.0
1949,4948.0
1950,2830.0
1951,4077.0
1952,3934.0
1953,2818.0
1954,4190.0
1955,3864.0
1956,2633.0
1957,3921.0
1958,3335.0
1959,1332.0
1960,2408.0
1961,226.0
1962,3767.0
1963,4757.0
1964,3612.0
1965,3818.0
1966,4576.0
1967,2920.0
1968,1006.0
1969,3613.0
1970,893.0
1971,3069.0
1972,658.0
1973,2105.0
1974,778.0
1975,4013.0
1976,812.0
1977,1237.0
1978,2798.0
1979,4752.0
1980,1544.0
1981,1052.0
1982,4428.0
1983,2901.0
1984,3380.0
1985,3402.0
1986,900.0
1987,4092.0
1988,2451.0
1989,3786.0
1990,4502.0
1991,4248.0
1992,1248.0
1993,2442.0
1994,1964.0
1995,572.0
1996,645.0
1997,3596.0
1998,3860.0
1999,3729.0
2000,3851.0
2001,112.0
2002,593.0
2003,1310.0
2004,346.0
2005,3042.0
2006,134.0
2007,3820.0
2008,4426.0
2009,224.0
2010,735.0
2011,859.0
2012,441.0
2013,1092.0
2014,607.0
2015,2945.0
2016,3630.0
2017,3512.0
2018,4055.0
2019,4658.0
2020,871.0
2021,3084.0
2022,966.0
2023,1981.0
2024,4333.0
2025,2203.0
2026,4667.0
2027,1452.0
2028,3886.0
2029,3879.0
2030,3761.0
2031,3148.0
2032,3251.0
2033,807.0
2034,3358.0
2035,2308.0
2036,2483.0
2037,2206.0
2038,367.0
2039,4698.0
2040,255.0
2041,138.0
2042,3550.0
2043,2378.0
2044,3345.0
2045,3831.0
2046,2302.0
2047,3478.0
2048,4809.0
2049,2905.0
2050,1032.0
2051,2141.0
2052,4709.0
2053,2386.0
2054,1760.0
2055,4359.0
2056,2604.0
2057,3732.0
2058,57.0
2059,3917.0
2060,1670.0
2061,4627.0
2062,418.0
2063,1894.0
2064,4860.0
2065,16.0
2066,787.0
2067,711.0
2068,3287.0
2069,2681.0
2070,1134.0
2071,162.0
2072,1444.0
2073,2563.0
2074,670.0
2075,4217.0
2076,1837.0
2077,1218.0
2078,4564.0
2079,287.0
2080,4744.0
2081,1881.0
2082,362.0
2083,4166.0
2084,4874.0
2085,2874.0
2086,3088.0
2087,4270.0
2088,1687.0
2089,1487.0
2090,4704.0
2091,127.0
2092,3916.0
2093,4211.0
2094,2289.0
2095,2550.0
2096,372.0
2097,4650.0
2098,2576.0
2099,2162.0
2100,2245.0
2101,2877.0
2102,3920.0
2103,4385.0
2104,1064.0
2105,544.0
2106,1261.0
2107,3975.0
2108,4850.0
2109,4029.0
2110,4344.0
2111,2150.0
2112,4531.0
2113,541.0
2114,1042.0
2115,2370.0
2116,1195.0
2117,3559.0
2118,4682.0
2119,978.0
2120,4240.0
2121,1698.0
2122,2428.0
2123,4659.0
2124,4145.0
2125,1016.0
2126,1228.0
2127,1878.0
2128,2639.0
2129,2295.0
2130,3847.0
2131,3243.0
2132,3922.0
2133,2367.0
2134,4982.0
2135,4224.0
2136,3505.0
2137,2936.0
2138,2518.0
2139,985.0
2140,107.0
2141,756.0
2142,783.0
2143,605.0
2144,3429.0
2145,3273.0
2146,3602.0
2147,3322.0
2148,2207.0
2149,3737.0
2150,3212.0
2151,1888.0
2152,4844.0
2153,4837.0
2154,1808.0
2155,1301.0
2156,4730.0
2157,3666.0
2158,2579.0
2159,4866.0
2160,417.0
2161,453.0
2162,1147.0
2163,2420.0
2164,2758.0
2165,747.0
2166,1053.0
2167,3676.0
2168,4561.0
2169,4549.0
2170,428.0
2171,392.0
2172,1201.0
2173,4264.0
2174,882.0
2175,2594.0
2176,1685.0
2177,2846.0
2178,2771.0
2179,4708.0
2180,737.0
2181,4419.0
2182,3658.0
2183,4355.0
2184,1965.0
2185,1189.0
2186,913.0
2187,1562.0
2188,1771.0
2189,3932.0
2190,819.0
2191,1869.0
2192,2680.0
2193,1043.0
2194,2376.0
2195,3284.0
2196,3635.0
2197,2983.0
2198,3426.0
2199,2942.0
2200,1925.0
2201,2100.0
2202,4497.0
2203,3471.0
2204,272.0
2205,2980.0
2206,4051.0
2207,2021.0
2208,2336.0
2209,2804.0
2210,2741.0
2211,4185.0
2212,1931.0
2213,3149.0
2214,4733.0
2215,2261.0
2216,1334.0
2217,4382.0
2218,1300.0
2219,1608.0
2220,4015.0
2221,3456.0
2222,1004.0
2223,1148.0
2224,4830.0
2225,1511.0
2226,3165.0
2227,3275.0
2228,1187.0
2229,3480.0
2230,98.0
2231,3116.0
2232,148.0
2233,1041.0
2234,1583.0
2235,2176.0
2236,4611.0
2237,4008.0
2238,153.0
2239,3838.0
2240,2149.0
2241,4023.0
2242,2653.0
2243,4115.0
2244,4200.0
2245,2553.0
2246,1600.0
2247,590.0
2248,2988.0
2249,2171.0
2250,755.0
2251,3738.0
2252,4557.0
2253,86.0
2254,4033.0
2255,228.0
2256,2634.0
2257,2810.0
2258,1282.0
2259,4053.0
2260,2625.0
2261,2531.0
2262,2536.0
2263,2668.0
2264,3497.0
2265,2283.0
2266,832.0
2267,3248.0
2268,4782.0
2269,487.0
2270,1649.0
2271,748.0
2272,1806.0
2273,3363.0
2274,3865.0
2275,1663.0
2276,3174.0
2277,2184.0
2278,1845.0
2279,3093.0
2280,3173.0
2281,4298.0
2282,2627.0
2283,1757.0
2284,1475.0
2285,2044.0
2286,887.0
2287,2050.0
2288,1365.0
2289,1795.0
2290,3022.0
2291,220.0
2292,3541.0
2293,2410.0
2294,1443.0
2295,988.0
2296,2791.0
2297,1522.0
2298,4731.0
2299,617.0
2300,1002.0
2301,1069.0
2302,876.0
2303,293.0
2304,3930.0
2305,260.0
2306,1625.0
2307,3453.0
2308,2139.0
2309,4088.0
2310,3866.0
2311,1746.0
2312,1489.0
2313,4075.0
2314,3540.0
2315,4620.0
2316,3560.0
2317,3357.0
2318,89.0
2319,2482.0
2320,4236.0
2321,1244.0
2322,3657.0
2323,1057.0
2324,2122.0
2325,4751.0
2326,2073.0
2327,4849.0
2328,637.0
2329,2114.0
2330,4179.0
2331,1247.0
2332,2086.0
2333,1061.0
2334,2429.0
2335,2394.0
2336,4886.0
2337,2931.0
2338,4590.0
2339,426.0
2340,2187.0
2341,3034.0
2342,814.0
2343,1412.0
2344,3773.0
2345,4991.0
2346,4395.0
2347,368.0
2348,1529.0
2349,3874.0
2350,534.0
2351,1508.0
2352,4815.0
2353,1612.0
2354,2351.0
2355,1846.0
2356,1296.0
2357,4915.0
2358,4485.0
2359,1701.0
2360,706.0
2361,4180.0
2362,109.0
2363,11.0
2364,3291.0
2365,2685.0
2366,2028.0
2367,1786.0
2368,4229.0
2369,4249.0
2370,4007.0
2371,2721.0
2372,3435.0
2373,870.0
2374,4489.0
2375,4511.0
2376,960.0
2377,2355.0
2378,3803.0
2379,1217.0
2380,3007.0
2381,2558.0
2382,4972.0
2383,4553.0
2384,3280.0
2385,2998.0
2386,3996.0
2387,1049.0
2388,1356.0
2389,4321.0
2390,1940.0
2391,2220.0
2392,4260.0
2393,3883.0
2394,38.0
2395,2188.0
2396,4824.0
2397,281.0
2398,4760.0
2399,2605.0
2400,4574.0
2401,4713.0
2402,1491.0
2403,2559.0
2404,1783.0
2405,596.0
2406,2581.0
2407,1674.0
2408,2731.0
2409,3266.0
2410,4877.0
2411,4665.0
2412,1120.0
2413,1765.0
2414,4396.0
2415,3506.0
2416,2886.0
2417,408.0
2418,1709.0
2419,1065.0
2420,3225.0
2421,3668.0
2422,3830.0
2423,1718.0
2424,130.0
2425,2163.0
2426,4680.0
2427,563.0
2428,1539.0
2429,4821.0
2430,4107.0
2431,780.0
2432,2767.0
2433,2490.0
2434,2228.0
2435,1962.0
2436,4300.0
2437,2940.0
2438,3521.0
2439,3349.0
2440,1870.0
2441,238.0
2442,1468.0
2443,1407.0
2444,261.0
2445,4158.0
2446,1566.0
2447,1882.0
2448,1138.0
2449,4030.0
2450,3981.0
2451,3987.0
2452,264.0
2453,4071.0
2454,239.0
2455,191.0
2456,2179.0
2457,1474.0
2458,1321.0
2459,4341.0
2460,1972.0
2461,4441.0
2462,2427.0
2463,3052.0
2464,540.0
2465,1227.0
2466,3966.0
2467,3244.0
2468,2252.0
2469,4194.0
2470,2962.0
2471,308.0
2472,4509.0
2473,993.0
2474,873.0
2475,23.0
2476,2670.0
2477,1036.0
2478,1939.0
2479,4759.0
2480,1341.0
2481,4952.0
2482,1260.0
2483,4644.0
2484,648.0
2485,692.0
2486,1908.0
2487,4039.0
2488,234.0
2489,574.0
2490,1640.0
2491,3599.0
2492,2260.0
2493,503.0
2494,3230.0
2495,2775.0
2496,1778.0
2497,2592.0
2498,3998.0
2499,457.0
2500,2438.0
2501,4892.0
2502,3038.0
2503,1773.0
2504,3100.0
2505,3938.0
2506,3066.0
2507,454.0
2508,4687.0
2509,3663.0
2510,3642.0
2511,3071.0
2512,3905.0
2513,4890.0
2514,3020.0
2515,727.0
2516,3573.0
2517,1658.0
2518,3913.0
2519,3660.0
2520,3235.0
2521,4898.0
2522,3241.0
2523,4591.0
2524,2019.0
2525,2750.0
2526,553.0
2527,2388.0
2528,2148.0
2529,2097.0
2530,378.0
2531,2823.0
2532,4701.0
2533,4387.0
2534,3249.0
2535,741.0
2536,2937.0
2537,4069.0
2538,1535.0
2539,2457.0
2540,536.0
2541,307.0
2542,71.0
2543,1794.0
2544,2853.0
2545,4393.0
2546,3169.0
2547,3005.0
2548,3722.0
2549,4064.0
2550,2975.0
2551,2813.0
2552,1063.0
2553,354.0
2554,2064.0
2555,1471.0
2556,3188.0
2557,4054.0
2558,1360.0
2559,1737.0
2560,93.0
2561,2385.0
2562,688.0
2563,129.0
2564,4761.0
2565,54.0
2566,355.0
2567,1477.0
2568,3805.0
2569,2018.0
2570,2622.0
2571,802.0
2572,2917.0
2573,4306.0
2574,1755.0
2575,2961.0
2576,1671.0
2577,3904.0
2578,2178.0
2579,4879.0
2580,434.0
2581,4137.0
2582,4318.0
2583,4533.0
2584,2825.0
2585,113.0
2586,3191.0
2587,147.0
2588,2984.0
2589,3081.0
2590,3832.0
2591,1507.0
2592,4512.0
2593,4474.0
2594,429.0
2595,3171.0
2596,3323.0
2597,1816.0
2598,2335.0
2599,4366.0
2600,4578.0
2601,1463.0
2602,1871.0
2603,4181.0
2604,2565.0
2605,2717.0
2606,912.0
2607,1277.0
2608,2841.0
2609,911.0
2610,4551.0
2611,1418.0
2612,2090.0
2613,889.0
2614,3167.0
2615,2117.0
2616,4168.0
2617,4875.0
2618,1211.0
2619,4096.0
2620,4542.0
2621,3925.0
2622,646.0
2623,3448.0
2624,1271.0
2625,1619.0
2626,2185.0
2627,4766.0
2628,2676.0
2629,1135.0
2630,4203.0
2631,2672.0
2632,20.0
2633,4397.0
2634,2250.0
2635,1764.0
2636,1738.0
2637,1524.0
2638,492.0
2639,1968.0
2640,44.0
2641,3718.0
2642,4086.0
2643,2409.0
2644,4534.0
2645,1182.0
2646,4867.0
2647,1290.0
2648,1425.0
2649,4423.0
2650,1740.0
2651,3631.0
2652,1336.0
2653,712.0
2654,4586.0
2655,945.0
2656,1317.0
2657,4696.0
2658,2759.0
2659,3342.0
2660,1353.0
2661,4500.0
2662,4904.0
2663,3104.0
2664,2916.0
2665,3653.0
2666,2397.0
2667,3779.0
2668,2787.0
2669,2856.0
2670,3529.0
2671,1345.0
2672,1556.0
2673,4851.0
2674,125.0
2675,2502.0
2676,1629.0
2677,4993.0
2678,1573.0
2679,3086.0
2680,4363.0
2681,1969.0
2682,2599.0
2683,2690.0
2684,903.0
2685,2552.0
2686,890.0
2687,4795.0
2688,3551.0
2689,90.0
2690,3195.0
2691,2497.0
2692,4346.0
2693,567.0
2694,3024.0
2695,2167.0
2696,4806.0
2697,865.0
2698,3477.0
2699,1359.0
2700,3799.0
2701,3473.0
2702,677.0
2703,4379.0
2704,4018.0
2705,2391.0
2706,1003.0
2707,318.0
2708,407.0
2709,3965.0
2710,4116.0
2711,3611.0
2712,1781.0
2713,1822.0
2714,1479.0
2715,1178.0
2716,4808.0
2717,4041.0
2718,1141.0
2719,4711.0
2720,2944.0
2721,3299.0
2722,4477.0
2723,3142.0
2724,796.0
2725,3952.0
2726,1745.0
2727,3963.0
2728,4515.0
2729,473.0
2730,579.0
2731,4985.0
2732,686.0
2733,2967.0
2734,4272.0
2735,4098.0
2736,610.0
2737,1948.0
2738,3683.0
2739,4353.0
2740,4048.0
2741,3762.0
2742,608.0
2743,3051.0
2744,1044.0
2745,3677.0
2746,621.0
2747,4196.0
2748,3019.0
2749,4514.0
2750,333.0
2751,4554.0
2752,4325.0
2753,2349.0
2754,6.0
2755,1252.0
2756,393.0
2757,2710.0
2758,1895.0
2759,2306.0
2760,2809.0
2761,3772.0
2762,929.0
2763,1219.0
2764,1803.0
2765,3496.0
2766,4278.0
2767,601.0
2768,4147.0
2769,2839.0
2770,4856.0
2771,4125.0
2772,3259.0
2773,4493.0
2774,4505.0
2775,3704.0
2776,902.0
2777,1892.0
2778,1909.0
2779,4226.0
2780,674.0
2781,110.0
2782,4281.0
2783,4955.0
2784,2913.0
2785,4694.0
2786,4026.0
2787,4776.0
2788,3144.0
2789,3672.0
2790,2049.0
2791,136.0
2792,198.0
2793,566.0
2794,1314.0
2795,2129.0
2796,3554.0
2797,4799.0
2798,4450.0
2799,4292.0
2800,4810.0
2801,4532.0
2802,2048.0
2803,4935.0
2804,920.0
2805,641.0
2806,4657.0
2807,696.0
2808,3094.0
2809,229.0
2810,864.0
2811,369.0
2812,4609.0
2813,980.0
2814,1451.0
2815,4447.0
2816,3219.0
2817,4791.0
2818,3971.0
2819,1216.0
2820,3203.0
2821,2259.0
2822,4538.0
2823,1154.0
2824,3181.0
2825,3572.0
2826,4235.0
2827,1438.0
2828,3327.0
2829,4471.0
2830,2183.0
2831,1681.0
2832,4089.0
2833,2232.0
2834,2455.0
2835,768.0
2836,1536.0
2837,1422.0
2838,1456.0
2839,4780.0
2840,2675.0
2841,2626.0
2842,525.0
2843,1720.0
2844,455.0
2845,2212.0
2846,1384.0
2847,1809.0
2848,4169.0
2849,1285.0
2850,1777.0
2851,716.0
2852,3113.0
2853,2806.0
2854,1241.0
2855,3319.0
2856,3441.0
2857,2696.0
2858,4882.0
2859,698.0
2860,1495.0
2861,3591.0
2862,34.0
2863,1376.0
2864,4035.0
2865,1254.0
2866,3806.0
2867,1857.0
2868,193.0
2869,3580.0
2870,106.0
2871,2514.0
2872,3297.0
2873,942.0
2874,2273.0
2875,3256.0
2876,4819.0
2877,7.0
2878,2146.0
2879,3242.0
2880,1091.0
2881,1712.0
2882,2195.0
2883,3983.0
2884,4443.0
2885,2850.0
2886,72.0
2887,2505.0
2888,1469.0
2889,651.0
2890,554.0
2891,4103.0
2892,3585.0
2893,4468.0
2894,2382.0
2895,4552.0
2896,2303.0
2897,1424.0
2898,2309.0
2899,295.0
2900,1751.0
2901,3182.0
2902,3378.0
2903,1865.0
2904,1094.0
2905,2796.0
2906,2707.0
2907,1251.0
2908,1614.0
2909,1257.0
2910,4869.0
2911,3384.0
2912,3128.0
2913,4637.0
2914,1743.0
2915,3398.0
2916,1915.0
2917,4679.0
2918,469.0
2919,1153.0
2920,3567.0
2921,1411.0
2922,151.0
2923,3226.0
2924,1403.0
2925,1835.0
2926,4937.0
2927,2271.0
2928,1019.0
2929,3556.0
2930,3623.0
2931,3060.0
2932,3025.0
2933,3011.0
2934,977.0
2935,3995.0
2936,527.0
2937,884.0
2938,1914.0
2939,4377.0
2940,1899.0
2941,1820.0
2942,1110.0
2943,2492.0
2944,2915.0
2945,121.0
2946,3523.0
2947,4756.0
2948,958.0
2949,1579.0
2950,781.0
2951,4095.0
2952,3170.0
2953,4233.0
2954,256.0
2955,1913.0
2956,172.0
2957,4390.0
2958,3637.0
2959,2010.0
2960,644.0
2961,1559.0
2962,4085.0
2963,3445.0
2964,620.0
2965,4009.0
2966,1198.0
2967,188.0
2968,1890.0
2969,2789.0
2970,2344.0
2971,4294.0
2972,2468.0
2973,1564.0
2974,3223.0
2975,4208.0
2976,3824.0
2977,939.0
2978,2266.0
2979,1467.0
2980,2402.0
2981,500.0
2982,2910.0
2983,3447.0
2984,4954.0
2985,28.0
2986,3964.0
2987,87.0
2988,1387.0
2989,2476.0
2990,4714.0
2991,2889.0
2992,30.0
2993,2821.0
2994,2248.0
2995,1040.0
2996,305.0
2997,4583.0
2998,1893.0
2999,2070.0
3000,177.0
3001,719.0
3002,494.0
3003,3646.0
3004,1517.0
3005,3979.0
3006,4153.0
3007,4293.0
3008,3834.0
3009,1677.0
3010,133.0
3011,3756.0
3012,1371.0
3013,1866.0
3014,1694.0
3015,135.0
3016,3908.0
3017,836.0
3018,3710.0
3019,4303.0
3020,3407.0
3021,927.0
3022,856.0
3023,2069.0
3024,3153.0
3025,1180.0
3026,2365.0
3027,3046.0
3028,4430.0
3029,4165.0
3030,1395.0
3031,3161.0
3032,3150.0
3033,1723.0
3034,587.0
3035,3082.0
3036,4654.0
3037,1037.0
3038,3725.0
3039,4110.0
3040,439.0
3041,1784.0
3042,1563.0
3043,3959.0
3044,643.0
3045,4309.0
3046,2109.0
3047,400.0
3048,1112.0
3049,3292.0
3050,3049.0
3051,664.0
3052,1505.0
3053,3026.0
3054,1928.0
3055,2528.0
3056,3649.0
3057,740.0
3058,97.0
3059,478.0
3060,3433.0
3061,1272.0
3062,2606.0
3063,197.0
3064,2002.0
3065,1328.0
3066,3856.0
3067,46.0
3068,588.0
3069,1133.0
3070,2204.0
3071,634.0
3072,3474.0
3073,805.0
3074,3076.0
3075,4712.0
3076,3641.0
3077,101.0
3078,652.0
3079,1073.0
3080,1697.0
3081,350.0
3082,779.0
3083,4282.0
3084,4338.0
3085,555.0
3086,3476.0
3087,4093.0
3088,4522.0
3089,187.0
3090,3731.0
3091,700.0
3092,195.0
3093,3376.0
3094,3372.0
3095,170.0
3096,2934.0
3097,1113.0
3098,174.0
3099,3616.0
3100,154.0
3101,371.0
3102,3835.0
3103,1644.0
3104,3954.0
3105,4352.0
3106,3742.0
3107,1810.0
3108,1769.0
3109,3050.0
3110,139.0
3111,3387.0
3112,2912.0
3113,1291.0
3114,2730.0
3115,2833.0
3116,2417.0
3117,1297.0
3118,964.0
3119,3176.0
3120,2241.0
3121,3367.0
3122,4762.0
3123,3451.0
3124,4222.0
3125,4221.0
3126,2193.0
3127,4947.0
3128,2038.0
3129,4778.0
3130,3017.0
3131,3746.0
3132,1995.0
3133,599.0
3134,4082.0
3135,4052.0
3136,1284.0
3137,4174.0
3138,4625.0
3139,857.0
3140,2435.0
3141,190.0
3142,1025.0
3143,1646.0
3144,1621.0
3145,2243.0
3146,2276.0
3147,2907.0
3148,983.0
3149,3075.0
3150,2522.0
3151,513.0
3152,4109.0
3153,1531.0
3154,1287.0
3155,4943.0
3156,866.0
3157,2255.0
3158,4460.0
3159,1318.0
3160,485.0
3161,1012.0
3162,3298.0
3163,4622.0
3164,4063.0
3165,1620.0
3166,4040.0
3167,4259.0
3168,609.0
3169,2744.0
3170,2375.0
3171,67.0
3172,3393.0
3173,3748.0
3174,2687.0
3175,108.0
3176,3692.0
3177,3707.0
3178,2470.0
3179,1231.0
3180,3404.0
3181,3893.0
3182,4187.0
3183,3023.0
3184,4643.0
3185,1862.0
3186,1512.0
3187,4779.0
3188,1780.0
3189,3156.0
3190,2398.0
3191,3155.0
3192,2286.0
3193,1749.0
3194,1184.0
3195,2297.0
3196,324.0
3197,3352.0
3198,4503.0
3199,3990.0
3200,1047.0
3201,975.0
3202,326.0
3203,3538.0
3204,4506.0
3205,3615.0
3206,2039.0
3207,3040.0
3208,1377.0
3209,1699.0
3210,4329.0
3211,3277.0
3212,2464.0
3213,85.0
3214,1009.0
3215,771.0
3216,4868.0
3217,754.0
3218,202.0
3219,2706.0
3220,1481.0
3221,3679.0
3222,320.0
3223,52.0
3224,2414.0
3225,1502.0
3226,2389.0
3227,4677.0
3228,2734.0
3229,2760.0
3230,3360.0
3231,2116.0
3232,1087.0
3233,2582.0
3234,4738.0
3235,389.0
3236,785.0
3237,1144.0
3238,1988.0
3239,3706.0
3240,3991.0
3241,2927.0
3242,4123.0
3243,4997.0
3244,1848.0
3245,1874.0
3246,4930.0
3247,650.0
3248,421.0
3249,2106.0
3250,3465.0
3251,1776.0
3252,4507.0
3253,5.0
3254,4381.0
3255,2272.0
3256,1840.0
3257,413.0
3258,1766.0
3259,2504.0
3260,3671.0
3261,2959.0
3262,557.0
3263,3031.0
3264,4820.0
3265,1213.0
3266,4655.0
3267,1577.0
3268,1188.0
3269,551.0
3270,4841.0
3271,4715.0
3272,1726.0
3273,1192.0
3274,4965.0
3275,4305.0
3276,1108.0
3277,1434.0
3278,2430.0
3279,432.0
3280,1204.0
3281,2995.0
3282,684.0
3283,1342.0
3284,1886.0
3285,961.0
3286,4790.0
3287,845.0
3288,2317.0
3289,1324.0
3290,2059.0
3291,4607.0
3292,4195.0
3293,611.0
3294,2664.0
3295,1993.0
3296,1007.0
3297,571.0
3298,3543.0
3299,4990.0
3300,4431.0
3301,2371.0
3302,2869.0
3303,3628.0
3304,788.0
3305,3054.0
3306,4230.0
3307,2876.0
3308,3796.0
3309,971.0
3310,753.0
3311,514.0
3312,3586.0
3313,140.0
3314,1457.0
3315,4220.0
3316,1545.0
3317,1767.0
3318,4559.0
3319,263.0
3320,2993.0
3321,4767.0
3322,245.0
3323,1750.0
3324,729.0
3325,4003.0
3326,4451.0
3327,3276.0
3328,531.0
3329,2249.0
3330,713.0
3331,3061.0
3332,2908.0
3333,4066.0
3334,2362.0
3335,936.0
3336,217.0
3337,4307.0
3338,446.0
3339,1705.0
3340,1128.0
3341,2667.0
3342,4206.0
3343,2419.0
3344,1565.0
3345,4974.0
3346,1747.0
3347,2199.0
3348,2390.0
3349,1654.0
3350,956.0
3351,2749.0
3352,1979.0
3353,1802.0
3354,1045.0
3355,3907.0
3356,1800.0
3357,4859.0
3358,4618.0
3359,937.0
3360,4247.0
3361,1388.0
3362,4692.0
3363,1269.0
3364,4031.0
3365,1682.0
3366,2256.0
3367,1576.0
3368,3939.0
3369,2045.0
3370,3929.0
3371,2067.0
3372,2156.0
3373,4401.0
3374,505.0
3375,1316.0
3376,3068.0
3377,1569.0
3378,3463.0
3379,2035.0
3380,1911.0
3381,1828.0
3382,2541.0
3383,2520.0
3384,4324.0
3385,955.0
3386,2584.0
3387,2784.0
3388,103.0
3389,4927.0
3390,2923.0
3391,3690.0
3392,1067.0
3393,1015.0
3394,3366.0
3395,3154.0
3396,1763.0
3397,3618.0
3398,2112.0
3399,1322.0
3400,3450.0
3401,604.0
3402,3245.0
3403,1308.0
3404,1129.0
3405,4958.0
3406,1714.0
3407,2557.0
3408,1223.0
3409,4371.0
3410,3906.0
3411,2168.0
3412,1659.0
3413,732.0
3414,3604.0
3415,155.0
3416,4139.0
3417,435.0
3418,4812.0
3419,818.0
3420,941.0
3421,3057.0
3422,1798.0
3423,2246.0
3424,2487.0
3425,2102.0
3426,1402.0
3427,2164.0
3428,3654.0
3429,4106.0
3430,1428.0
3431,83.0
3432,4793.0
3433,476.0
3434,3411.0
3435,4675.0
3436,4616.0
3437,919.0
3438,3974.0
3439,2884.0
3440,237.0
3441,2262.0
3442,1515.0
3443,623.0
3444,3391.0
3445,4420.0
3446,53.0
3447,2969.0
3448,591.0
3449,2718.0
3450,2462.0
3451,3808.0
3452,1001.0
3453,4765.0
3454,4466.0
3455,738.0
3456,2603.0
3457,3385.0
3458,3085.0
3459,2374.0
3460,4130.0
3461,1083.0
3462,3133.0
3463,4090.0
3464,3283.0
3465,4065.0
3466,1435.0
3467,3377.0
3468,914.0
3469,1859.0
3470,3956.0
3471,82.0
3472,1695.0
3473,3802.0
3474,4584.0
3475,4894.0
3476,4690.0
3477,1205.0
3478,2.0
3479,691.0
3480,2766.0
3481,3350.0
3482,1448.0
3483,3304.0
3484,173.0
3485,4370.0
3486,2786.0
3487,4597.0
3488,2087.0
3489,3982.0
3490,3794.0
3491,1626.0
3492,2906.0
3493,4317.0
3494,1313.0
3495,3200.0
3496,1246.0
3497,3884.0
3498,4284.0
3499,2716.0
3500,480.0
3501,2432.0
3502,3194.0
3503,905.0
3504,3524.0
3505,3798.0
3506,3535.0
3507,4725.0
3508,3728.0
3509,4034.0
3510,4792.0
3511,2006.0
3512,4909.0
3513,3888.0
3514,3753.0
3515,1752.0
3516,515.0
3517,4846.0
3518,306.0
3519,1943.0
3520,4833.0
3521,3656.0
3522,4311.0
3523,4736.0
3524,2704.0
3525,2326.0
3526,3222.0
3527,3691.0
3528,419.0
3529,2210.0
3530,221.0
3531,4042.0
3532,4686.0
3533,1346.0
3534,3246.0
3535,4789.0
3536,3365.0
3537,517.0
3538,1419.0
3539,791.0
3540,2510.0
3541,2990.0
3542,4234.0
3543,1785.0
3544,1230.0
3545,4036.0
3546,158.0
3547,504.0
3548,831.0
3549,3008.0
3550,1441.0
3551,3362.0
3552,3375.0
3553,3680.0
3554,1991.0
3555,2986.0
3556,1953.0
3557,2119.0
3558,3187.0
3559,4435.0
3560,25.0
3561,4706.0
3562,3356.0
3563,1710.0
3564,2437.0
3565,4243.0
3566,4895.0
3567,43.0
3568,3948.0
3569,2154.0
3570,589.0
3571,3712.0
3572,3110.0
3573,3488.0
3574,3871.0
3575,2138.0
3576,3946.0
3577,4458.0
3578,979.0
3579,3633.0
3580,142.0
3581,2881.0
3582,3513.0
3583,745.0
3584,1582.0
3585,3129.0
3586,4412.0
3587,472.0
3588,2851.0
3589,2013.0
3590,1421.0
3591,4823.0
3592,825.0
3593,2353.0
3594,1898.0
3595,291.0
3596,1879.0
3597,348.0
3598,2225.0
3599,2777.0
